keelez | Keelez Bunbat | MeowcaTheoRange | Jade
thaobi | Thaobi Rhange | MeowcaTheoRange | Rust
thaero | Thaero Rhange | MeowcaTheoRange | Olive
syreta | Syreta Roseus | Pink-o Arts | Bronze
xyuaad | Xyuaad Kleufi | Varcan | Gold
archan | Archan Scurra | BeetrootBot | Purple
lotine | Lotine Restej | Earl Grey | Purple